{"cameraMode":{"drawMode":0,"name":"Shaded","section":"Shading Mode"},"sceneLighting":true,"audioPlay":false,"sceneViewState":{"m_AlwaysRefresh":false,"showFog":true,"showSkybox":true,"showFlares":true,"showImageEffects":true,"showParticleSystems":true,"showVisualEffectGraphs":true,"m_FxEnabled":true},"in2DMode":false,"pivot":{"x":-0.6862107515335083,"y":0.748071014881134,"z":-3.083819627761841},"rotation":{"x":0.03558197245001793,"y":-0.9609181880950928,"z":0.14768432080745698,"w":0.23149017989635468},"size":0.6710895299911499,"orthographic":false}