{"cameraMode":{"drawMode":0,"name":"Shaded","section":"Shading Mode"},"sceneLighting":true,"audioPlay":false,"sceneViewState":{"m_AlwaysRefresh":false,"showFog":true,"showSkybox":true,"showFlares":true,"showImageEffects":true,"showParticleSystems":true,"showVisualEffectGraphs":true,"m_FxEnabled":true},"in2DMode":false,"pivot":{"x":18.862722396850587,"y":-9.070579528808594,"z":-11.314068794250489},"rotation":{"x":0.11157318949699402,"y":0.8460592031478882,"z":-0.19523151218891145,"w":0.48328763246536257},"size":13.22885799407959,"orthographic":false}