{"cameraMode":{"drawMode":0,"name":"Shaded","section":"Shading Mode"},"sceneLighting":true,"audioPlay":false,"sceneViewState":{"m_AlwaysRefresh":false,"showFog":true,"showSkybox":true,"showFlares":true,"showImageEffects":true,"showParticleSystems":true,"showVisualEffectGraphs":true,"m_FxEnabled":true},"in2DMode":false,"pivot":{"x":-0.11696119606494904,"y":3.271385908126831,"z":-1.0648798942565919},"rotation":{"x":-0.00765529740601778,"y":-0.9867364168167114,"z":-0.04888572171330452,"w":0.15458659827709199},"size":0.5385164618492127,"orthographic":false}