{"cameraMode":{"drawMode":0,"name":"Shaded","section":"Shading Mode"},"sceneLighting":true,"audioPlay":false,"sceneViewState":{"m_AlwaysRefresh":false,"showFog":true,"showSkybox":true,"showFlares":true,"showImageEffects":true,"showParticleSystems":true,"showVisualEffectGraphs":true,"m_FxEnabled":true},"in2DMode":false,"pivot":{"x":1.2850120067596436,"y":0.3284260034561157,"z":1.2260279655456544},"rotation":{"x":-0.27388042211532595,"y":-0.38686904311180117,"z":0.12116772681474686,"w":-0.8734064102172852},"size":2.0717387199401857,"orthographic":false}