{"cameraMode":{"drawMode":0,"name":"Shaded","section":"Shading Mode"},"sceneLighting":false,"audioPlay":false,"sceneViewState":{"m_AlwaysRefresh":false,"showFog":true,"showSkybox":false,"showFlares":true,"showImageEffects":true,"showParticleSystems":true,"showVisualEffectGraphs":true,"m_FxEnabled":true},"in2DMode":false,"pivot":{"x":-0.03353244438767433,"y":-0.02565769851207733,"z":-0.030917417258024217},"rotation":{"x":-0.04348926991224289,"y":-0.955979585647583,"z":0.22061242163181306,"w":-0.18822140991687776},"size":0.24352921545505525,"orthographic":false}